,theta,avg_cost,max_cost,std_cost,cost_skewness,solver_obj,violations_rate,violations_penalty,total_violated_vol,pds_lat,wds_lat,T1,T2,T3,T4,T5,gen_0,reliability,penalized_avg_obj
0,0.5,373652.99821206776,379859.58775693714,1907.9593852597015,0.07167721467593571,376.83690735971464,0.856,0,3729.405522719082,0,0,302,307,334,313,290,0,0.14400000000000002,373652.99821206776
1,1.0,375512.3600571377,381466.1667200511,1835.6934286533012,0.04653611962590067,382.5228296838646,0.578,0,1572.7514617318923,0,0,163,146,172,166,146,0,0.42200000000000004,375512.3600571377
2,1.5,377499.5706287431,383187.40764217277,1787.9298994222286,0.014295164336833756,388.216818926141,0.303,0,571.5916539079204,0,0,77,67,67,73,62,0,0.6970000000000001,377499.5706287431
3,2.0,379638.5546318877,385185.162129353,1763.4853223806008,-0.00658449481472758,393.99519526984585,0.113,0,175.78617831603808,0,0,22,21,26,25,19,0,0.887,379638.5546318877
4,2.5,381807.37202248647,387329.0456884512,1754.6020789188337,-0.013818280780830285,399.773571617452,0.038,0,51.19741013383179,0,0,9,7,7,6,9,0,0.962,381807.37202248647
5,3.0,383986.6235629559,389511.803038164,1752.0466646394768,-0.016478773545237982,405.5519479629276,0.009,0,16.02457594349412,0,0,2,2,2,2,1,0,0.991,383986.6235629559
