line,from_bus,to_bus,r_pu_,x_pu_,b_pu,status,r_ohm,x_ohm
0,0,3,0,0.0576,0,1,0,0.10969344
1,3,4,0.017,0.092,0.158,1,0.0323748,0.1752048
2,4,5,0.039,0.17,0.358,1,0.0742716,0.323748
3,2,5,0,0.0586,0,1,0,0.11159784
4,5,6,0.0119,0.1008,0.209,1,0.02266236,0.19196352
5,6,7,0.0085,0.072,0.149,1,0.0161874,0.1371168
6,1,7,0,0.0625,0,1,0,0.119025
7,7,8,0.032,0.161,0.306,1,0.0609408,0.3066084
8,8,3,0.01,0.085,0.176,1,0.019044,0.161874
